{
  "project_info": {
    "project_number": "774626463863",
    "project_id": "baza-danych--blog-app",
    "storage_bucket": "baza-danych--blog-app.appspot.com"
  },
  "client": [
    {
      "client_info": {
        "mobilesdk_app_id": "1:774626463863:android:b79eaba9632cda2771f672",
        "android_client_info": {
          "package_name": "com.example.bazadanych_blogapp"
        }
      },
      "oauth_client": [
        {
          "client_id": "774626463863-sqlkjg9i91b5k7t3j4vaefl0b3hr727u.apps.googleusercontent.com",
          "client_type": 1,
          "android_info": {
            "package_name": "com.example.bazadanych_blogapp",
            "certificate_hash": "64f7362a6d0f7bcfcfbaf9be10db474a730f6195"
          }
        },
        {
          "client_id": "774626463863-rg92p0ugpelhbh2nlck6vb82dd4u1ua8.apps.googleusercontent.com",
          "client_type": 3
        }
      ],
      "api_key": [
        {
          "current_key": "AIzaSyArYUPVrMKV9UYyK4-3bKx75dkQq43DVnQ"
        }
      ],
      "services": {
        "appinvite_service": {
          "other_platform_oauth_client": [
            {
              "client_id": "774626463863-rg92p0ugpelhbh2nlck6vb82dd4u1ua8.apps.googleusercontent.com",
              "client_type": 3
            }
          ]
        }
      }
    }
  ],
  "configuration_version": "1"
}